date,billed_ML,production_ML,nrw_pct
2023-01-01,25.014408,28.160377,11.171615351598453
2023-01-02,23.377534,26.305553,11.130801926118034
2023-01-03,23.406095,26.347843,11.165042998016954
2023-01-04,24.002983,27.010862,11.135812696388586
2023-01-05,24.176825,27.203589,11.126340719233776
2023-01-06,23.75158,26.727315,11.133684771552996
2023-01-07,25.429144,28.624611,11.163355198084615
2023-01-08,24.901534,28.025888,11.148099928180688
2023-01-09,23.735757,26.711088,11.138936010393886
2023-01-10,23.37207,26.303616,11.145030401903677
2023-01-11,24.136478,27.159925,11.132015276183568
2023-01-12,23.843795,26.830616,11.132137256930665
2023-01-13,23.426068,26.358908,11.126561085155728
2023-01-14,24.196745,27.233272,11.150063055221569
2023-01-15,24.44509,27.517476,11.16521733315948
2023-01-16,23.45393,26.396054,11.1460750913754
2023-01-17,22.287166,25.082829,11.14572443164206
2023-01-18,23.335367,26.263285,11.148331215992211
2023-01-19,23.189666,26.095347,11.134862471842203
2023-01-20,23.26408,26.178449,11.132703087184424
2023-01-21,25.508687,28.704104,11.13226526771224
2023-01-22,24.665052,27.75806,11.142738361398456
2023-01-23,23.888242,26.879757,11.129248675871587
2023-01-24,23.903254,26.899288,11.13796766665348
2023-01-25,24.316361,27.537487,11.697240202056202
2023-01-26,24.150987,27.346659,11.685785821222256
2023-01-27,23.861499,27.024049,11.70272448810317
2023-01-28,25.217805,28.570335,11.734304130490594
2023-01-29,24.370017,27.615823,11.753428460198343
2023-01-30,23.781585,26.937396,11.715352887116483
2023-01-31,23.864581,27.017945,11.671368788410813
2023-02-01,23.854486,27.621768,13.638815589212102
2023-02-02,24.135033,27.975588,13.728236918559139
2023-02-03,24.023593,27.805822,13.602291635183454
2023-02-04,25.289218,29.30006,13.688852514295194
2023-02-05,24.944741,28.953761,13.846284080330703
2023-02-06,24.38167,27.614139,11.705847500803845
2023-02-07,24.564806,27.81944,11.699135568508929
2023-02-08,24.65138,27.91539,11.692510833629765
2023-02-09,23.689852,26.823675,11.683048650119716
2023-02-10,23.969383,26.976369,11.146741060666837
2023-02-11,26.104297,29.38604,11.16769391180302
2023-02-12,26.372257,29.684313,11.157596943543885
2023-02-13,24.776267,27.882416,11.140171640793252
2023-02-14,25.271474,28.436678,11.130709430967991
2023-02-15,24.802623,27.907571,11.125826751457517
2023-02-16,25.075779,28.212322,11.11763505322249
2023-02-17,24.246667,27.290848,11.154585595874485
2023-02-18,26.913978,30.295868,11.162875412581016
2023-02-19,26.527813,29.851865,11.135156882157949
2023-02-20,24.950303,28.070428,11.115345302180643
2023-02-21,26.067276,29.333074,11.133500702994851
2023-02-22,25.847106,29.086327,11.136576302673074
2023-02-23,25.73861,28.961537,11.12830095999394
2023-02-24,25.721322,28.942876,11.130732135949447
2023-02-25,27.480771,30.924412,11.135671714631147
2023-02-26,27.828834,31.329485,11.173662765283247
2023-02-27,27.53027,30.977317,11.127648659824219
2023-02-28,25.942371,29.194273,11.138835346233831
2023-03-01,26.719273,30.059917,11.113284178396102
2023-03-02,26.927258,30.300882,11.13374851596729
2023-03-03,26.526826,29.848339,11.127965948121938
2023-03-04,28.010078,31.523766,11.14615557037189
2023-03-05,28.010465,31.529552,11.161233753020024
2023-03-06,27.771666,31.249179,11.128333963589892
2023-03-07,27.197192,30.610404,11.150496412918955
2023-03-08,27.257977,30.672159,11.131208598651304
2023-03-09,27.676397,31.14417,11.13458152842089
2023-03-10,27.781343,31.261109,11.131294158502183
2023-03-11,29.800649,33.537113,11.14128100412221
2023-03-12,29.148704,32.812853,11.166810152107164
2023-03-13,28.341797,31.894621,11.139257619646898
2023-03-14,28.830936,32.447509,11.145918782239955
2023-03-15,27.694517,31.174182,11.162008998343566
2023-03-16,29.162625,32.822714,11.151085799912828
2023-03-17,29.03662,32.678519,11.144626841871261
2023-03-18,30.58191,34.415568,11.139313464185744
2023-03-19,31.102584,35.015344,11.174415421993283
2023-03-20,29.596705,33.296584,11.111887633878599
2023-03-21,29.645291,33.363274,11.143939290850174
2023-03-22,30.706393,34.839463,11.863185147256718
2023-03-23,30.070409,34.124953,11.88146398326175
2023-03-24,30.947906,35.116726,11.871323084048326
2023-03-25,32.029871,36.3606,11.910499276689604
2023-03-26,32.033394,36.374786,11.93516849831089
2023-03-27,30.745827,34.877721,11.846800425979668
2023-03-28,31.327988,35.543442,11.86000500458003
2023-03-29,31.176707,35.357771,11.825021435881803
2023-03-30,32.005281,36.32284,11.886622852177858
2023-03-31,31.916942,36.220123,11.880636076249658
2023-04-01,34.005553,38.608056,11.921094913455368
2023-04-02,33.592477,38.156998,11.962474091908383
2023-04-03,31.812003,36.092533,11.859876944630072
2023-04-04,33.455554,37.974943,11.900976388562322
2023-04-05,31.616732,35.582109,11.144300075074245
2023-04-06,33.288582,37.454148,11.121774816503635
2023-04-07,33.388683,37.577213,11.146462618182992
2023-04-08,35.64242,40.112528,11.143919924468486
2023-04-09,34.824166,39.206335,11.177196236271511
2023-04-10,33.084601,37.224216,11.120758057066936
2023-04-11,33.322371,37.507905,11.159071667692452
2023-04-12,34.823566,39.18379,11.127621906916099
2023-04-13,33.905391,38.154019,11.13546648912661
2023-04-14,35.371559,39.806811,11.141942518329339
2023-04-15,36.128401,40.666204,11.158658919824433
2023-04-16,36.089165,40.615475,11.144299063349623
2023-04-17,35.621491,40.092265,11.151213332546813
2023-04-18,34.516693,38.849641,11.153122367334102
2023-04-19,35.692237,40.176883,11.162254672668361
2023-04-20,35.271595,39.686253,11.12389723464193
2023-04-21,36.728518,41.326604,11.126213032166882
2023-04-22,36.754283,41.365696,11.147915896302095
2023-04-23,38.914959,43.809421,11.172167739902337
2023-04-24,36.84372,41.448106,11.108797106434732
2023-04-25,37.447578,42.145621,11.14716757880967
2023-04-26,37.073306,41.71667,11.130715850522105
2023-04-27,37.092991,41.746056,11.146118809403216
2023-04-28,37.60563,42.315111,11.129548968925072
2023-04-29,38.295428,43.102758,11.153184211553238
2023-04-30,40.428063,45.498329,11.143851019231937
2023-05-01,37.6808,42.403597,11.137727301766406
2023-05-02,37.937944,42.69464,11.141201799570156
2023-05-03,39.398473,44.341335,11.147300819878335
2023-05-04,37.382577,42.061492,11.123987232787654
2023-05-05,38.460093,43.282561,11.141826843379254
2023-05-06,41.457691,46.655613,11.141043200954192
2023-05-07,41.448064,46.656015,11.162442827575395
2023-05-08,39.466094,44.409145,11.130705173450197
2023-05-09,40.083377,45.110121,11.14327314706161
2023-05-10,40.314027,45.359749,11.123787303144027
2023-05-11,40.119905,45.137427,11.116101057333196
2023-05-12,41.326209,46.502776,11.131737597772657
2023-05-13,43.7396,49.224318,11.142293530608184
2023-05-14,41.642255,46.860797,11.136263858252347
2023-05-15,41.827043,47.064218,11.127721276490773
2023-05-16,41.582345,46.771292,11.094299041386327
2023-05-17,41.466689,46.653923,11.118537662952804
2023-05-18,42.953574,48.330855,11.1259794597054
2023-05-19,42.012979,47.2748,11.130287172023996
2023-05-20,44.386223,49.943985,11.12799068796773
2023-05-21,45.090066,50.760954,11.17175220938519
2023-05-22,41.777179,47.013553,11.13800950121766
2023-05-23,42.725347,48.075933,11.129448075401886
2023-05-24,42.742457,48.108932,11.154841267313936
2023-05-25,42.820964,48.182076,11.126776687662856
2023-05-26,43.645414,49.126734,11.15750947335518
2023-05-27,44.689635,50.30988,11.171255029827144
2023-05-28,45.890419,51.662854,11.173279354640377
2023-05-29,43.706419,49.185069,11.138847848317546
2023-05-30,45.713443,51.440936,11.13411505576026
2023-05-31,45.05185,50.708691,11.155565029276737
2023-06-01,44.273628,49.817815,11.128924462062418
2023-06-02,43.574318,49.026982,11.121761482279288
2023-06-03,46.553543,52.390128,11.140619851129205
2023-06-04,48.055575,54.077925,11.13642951352146
2023-06-05,44.879478,50.496766,11.124054954331134
2023-06-06,44.909823,50.530649,11.12359748239133
2023-06-07,44.95073,50.592253,11.15096218387428
2023-06-08,46.046224,51.811996,11.128256861596299
2023-06-09,46.405354,52.221285,11.137089024140252
2023-06-10,47.238894,53.169601,11.154319175725995
2023-06-11,48.206748,54.257095,11.15125496490367
2023-06-12,47.765122,53.747469,11.130472022784923
2023-06-13,46.681402,52.546906,11.162415537843465
2023-06-14,46.000893,51.768616,11.141350581981948
2023-06-15,46.122727,51.89346,11.120347342420413
2023-06-16,46.183147,51.960089,11.118037153477548
2023-06-17,48.446294,54.514088,11.130689740237424
2023-06-18,48.455788,54.536533,11.149856189061376
2023-06-19,48.100611,54.135953,11.148491280831427
2023-06-20,46.275306,52.072661,11.133202891244602
2023-06-21,47.539596,53.500557,11.141867177195932
2023-06-22,47.970046,53.973985,11.123764532116724
2023-06-23,47.229395,53.151525,11.141975700603133
2023-06-24,49.7743,56.034967,11.172786092655324
2023-06-25,49.891226,56.136524,11.125195425352663
2023-06-26,47.23432,53.162233,11.150609493773521
2023-06-27,48.593208,54.680377,11.132273283338922
2023-06-28,47.178494,53.082272,11.121939166432062
2023-06-29,49.291289,55.455229,11.115164631273995
2023-06-30,47.745972,53.722646,11.12505515830326
2023-07-01,51.35211,57.807909,11.1676743056041
2023-07-02,50.171406,56.491044,11.186973283765123
2023-07-03,47.678799,53.655394,11.138852134791891
2023-07-04,48.476575,54.542194,11.12096627429399
2023-07-05,49.300176,55.46579,11.116066317634708
2023-07-06,49.075187,55.242701,11.16439617968716
2023-07-07,48.068275,54.08707,11.127973839218875
2023-07-08,52.412841,58.981086,11.136188641897846
2023-07-09,49.858213,56.119638,11.15727973868969
2023-07-10,47.985851,53.996849,11.132127358024169
2023-07-11,48.987923,55.124852,11.132780909779132
2023-07-12,49.003868,55.149107,11.142952867759037
2023-07-13,49.070373,55.212449,11.12444043190332
2023-07-14,47.862524,53.857628,11.131392567084463
2023-07-15,51.412135,57.869407,11.158351769528242
2023-07-16,51.116704,57.533111,11.152546574441281
2023-07-17,49.738408,55.980001,11.14968361647582
2023-07-18,48.060665,54.086714,11.14145888027141
2023-07-19,50.303463,56.59997,11.124576567796767
2023-07-20,48.294585,54.342794,11.129735066621713
2023-07-21,49.220368,55.380187,11.122784760549834
2023-07-22,50.41019,56.741198,11.15769180622517
2023-07-23,51.157442,57.580276,11.154573138899162
2023-07-24,48.508258,54.586942,11.135784085505286
2023-07-25,47.735268,53.711203,11.126049438885218
2023-07-26,48.683971,54.786206,11.138269001507423
2023-07-27,49.018266,55.161407,11.1366648062476
2023-07-28,50.901953,57.280438,11.135538104649271
2023-07-29,49.354104,55.543688,11.14363165802026
2023-07-30,50.705828,57.06946,11.150678488985177
2023-07-31,48.678453,54.772803,11.126598724553133
2023-08-01,48.12607,54.165288,11.149609321748645
2023-08-02,48.049849,54.06677,11.128685882289622
2023-08-03,47.303672,53.241602,11.152801149747523
2023-08-04,48.745067,54.851574,11.132783536895404
2023-08-05,49.874508,56.13716,11.155982953181102
2023-08-06,49.631123,55.848231,11.132148482912555
2023-08-07,47.801432,53.798997,11.148098169934284
2023-08-08,46.972302,52.855088,11.130027822487024
2023-08-09,47.447592,53.406077,11.156941933780308
2023-08-10,45.687324,51.418053,11.145363672171719
2023-08-11,47.366788,53.302137,11.135292755710715
2023-08-12,49.543019,55.769339,11.164414195405831
2023-08-13,48.377264,54.454547,11.160285659891727
2023-08-14,46.723583,52.576766,11.132641745214986
2023-08-15,46.451286,52.274077,11.1389647300707
2023-08-16,47.358089,53.300697,11.1492125515732
2023-08-17,47.820101,53.825246,11.156744179116245
2023-08-18,45.422132,51.100854,11.112773183790626
2023-08-19,48.473372,54.556188,11.149635308097405
2023-08-20,45.946818,51.727191,11.174728200493238
2023-08-21,46.389595,52.19827,11.128098689860794
2023-08-22,45.93311,51.693009,11.142510585909209
2023-08-23,45.216284,50.87185,11.11727998883469
2023-08-24,45.714599,51.440133,11.13048055299546
2023-08-25,45.621924,51.343943,11.1444868969257
2023-08-26,46.943365,52.830859,11.144043673414433
2023-08-27,46.703643,52.563885,11.148799218322617
2023-08-28,45.289508,50.970295,11.145289624083988
2023-08-29,46.508888,52.336018,11.134072141292828
2023-08-30,45.167478,50.825511,11.13226977688429
2023-08-31,45.378668,51.071194,11.146255950076279
2023-09-01,44.610987,50.195564,11.125638512598444
2023-09-02,47.103172,53.020153,11.15987160580242
2023-09-03,46.638811,52.498329,11.161341916235086
2023-09-04,44.122381,49.651373,11.135627608928358
2023-09-05,43.262951,48.673816,11.116582681744124
2023-09-06,43.050278,48.443017,11.132128702884051
2023-09-07,43.304682,48.738371,11.148688166044778
2023-09-08,43.564288,49.033648,11.154299594433601
2023-09-09,45.838028,51.588701,11.147156041009833
2023-09-10,45.505276,51.210358,11.140484509012806
2023-09-11,44.331527,49.885901,11.134155921128897
2023-09-12,42.999136,48.383424,11.128373221374328
2023-09-13,42.589269,47.926501,11.136285538558303
2023-09-14,42.429699,47.738108,11.119856279180567
2023-09-15,40.981341,46.116863,11.135887538577808
2023-09-16,44.272226,49.826597,11.147401858489353
2023-09-17,43.116192,48.515243,11.128566335326816
2023-09-18,41.93024,47.192899,11.151378939445953
2023-09-19,42.928583,48.287215,11.097413673577986
2023-09-20,41.568926,46.777224,11.134260553811401
2023-09-21,39.267731,44.191155,11.141197825673487
2023-09-22,40.303295,45.356533,11.141146965531954
2023-09-23,41.101789,46.271423,11.172411965804466
2023-09-24,42.347267,47.667159,11.160497314303964
2023-09-25,39.947959,44.9537,11.135325901983597
2023-09-26,40.162063,45.196594,11.139182302100021
2023-09-27,39.417362,44.359592,11.141288224652742
2023-09-28,39.58285,44.546813,11.143250584503093
2023-09-29,38.251902,43.046066,11.137287202969953
2023-09-30,40.044962,45.077566,11.164320629024202
2023-10-01,39.854468,44.852098,11.1424665129377
2023-10-02,38.65046,43.498259,11.144811565906581
2023-10-03,38.251012,43.04659,11.140436443397723
2023-10-04,38.911887,43.789599,11.138973891950918
2023-10-05,36.838492,41.45486,11.135890942581883
2023-10-06,36.881105,41.510554,11.152462576143888
2023-10-07,38.919405,43.8054,11.153864592036598
2023-10-08,38.981082,43.877395,11.159078609839987
2023-10-09,36.290092,40.84208,11.145338337322682
2023-10-10,37.271905,41.930157,11.109550579550657
2023-10-11,36.442221,40.997498,11.111109756014868
2023-10-12,36.402602,40.963794,11.134691283722402
2023-10-13,36.30824,40.857355,11.13413974056813
2023-10-14,36.916865,41.561474,11.17527496738927
2023-10-15,36.967068,41.609755,11.15768886406565
2023-10-16,34.726129,39.075263,11.130146456083994
2023-10-17,35.038325,39.440814,11.162267087083952
2023-10-18,34.723998,39.078346,11.142610795247066
2023-10-19,34.638729,38.978991,11.134875194691416
2023-10-20,33.781843,38.011554,11.127435095129233
2023-10-21,35.3182,39.750234,11.149705433180594
2023-10-22,35.897657,40.412668,11.172266577400928
2023-10-23,33.764772,37.988107,11.117518964553827
2023-10-24,32.666621,36.76231,11.141000116695606
2023-10-25,33.835144,38.073028,11.130935002070231
2023-10-26,33.680941,37.89648,11.12382733172052
2023-10-27,33.553298,37.752822,11.123735332950739
2023-10-28,35.140815,39.555817,11.16144813795655
2023-10-29,32.945552,37.083341,11.158080389790122
2023-10-30,32.174849,36.206562,11.135310223599799
2023-10-31,32.5907,36.676767,11.140750219341852
2023-11-01,32.173848,36.20808,11.141800393724274
2023-11-02,31.17697,35.247303,11.547927510936084
2023-11-03,31.65392,35.782522,11.538040834572811
2023-11-04,33.801326,38.228519,11.580864537284324
2023-11-05,33.79989,38.233429,11.595975343984973
2023-11-06,31.842469,35.992305,11.529786714132367
2023-11-07,31.258058,35.333426,11.534030127732306
2023-11-08,30.502596,34.476577,11.526611241017344
2023-11-09,30.208176,34.146684,11.534086296637179
2023-11-10,30.212857,34.148769,11.525780036170557
2023-11-11,31.21096,35.29651,11.574940411955744
2023-11-12,31.867729,37.930053,15.982904110363357
2023-11-13,30.101927,35.739549,15.774183384351046
2023-11-14,29.523562,35.22058,16.175253218430814
2023-11-15,29.326625,34.914115,16.003527513156214
2023-11-16,29.238553,34.721914,15.79221986437729
2023-11-17,29.661572,35.08037,15.446809711528129
2023-11-18,30.057347,35.722922,15.859774852684222
2023-11-19,29.18681,34.610036,15.669518517692381
2023-11-20,29.053671,34.356505,15.434730628159063
2023-11-21,28.269534,33.464751,15.524445408244633
2023-11-22,28.243717,33.367419,15.355404024506662
2023-11-23,28.517686,33.828977,15.700418608579266
2023-11-24,28.086642,33.220629,15.454213705586369
2023-11-25,30.161976,35.956546,16.11548005751164
2023-11-26,29.163412,34.548852,15.587898550145749
2023-11-27,26.923767,31.797356,15.327025932596408
2023-11-28,27.988913,33.137518,15.537086996074962
2023-11-29,26.651296,29.990562,11.134389545617719
2023-11-30,27.760898,31.236933,11.12796509183536
2023-12-01,27.432494,30.871352,11.13931777267157
2023-12-02,28.256879,31.805484,11.157211127489838
2023-12-03,27.303406,30.733452,11.160627188901527
2023-12-04,27.472964,30.912455,11.126554005497137
2023-12-05,26.894852,30.258729,11.117046588440644
2023-12-06,26.990232,30.365477,11.115402534266133
2023-12-07,26.216648,29.494299,11.112828957216443
2023-12-08,26.300145,29.594163,11.130634105110525
2023-12-09,27.43116,30.873637,11.150215311529381
2023-12-10,27.545636,30.992984,11.122994804243438
2023-12-11,26.528383,29.852057,11.13381901957376
2023-12-12,26.102927,29.378604,11.149872880277089
2023-12-13,25.911029,29.158354,11.136859782963057
2023-12-14,24.619919,27.709512,11.149936527211306
2023-12-15,25.784755,29.016203,11.136701793821887
2023-12-16,27.264488,30.686709,11.152127782747899
2023-12-17,26.770655,30.134481,11.162714234235525
2023-12-18,25.213452,28.367919,11.119839280420956
2023-12-19,25.247023,28.40787,11.126659619323801
2023-12-20,25.00913,28.142637,11.134375929306128
2023-12-21,26.092831,29.36147,11.132409242452779
2023-12-22,25.17639,28.331496,11.136390397457303
2023-12-23,25.764972,28.99399,11.136852844330843
2023-12-24,25.945219,29.203938,11.158491707522458
2023-12-25,24.577982,27.656559,11.131453482698262
2023-12-26,24.711495,27.807901,11.134986419866785
2023-12-27,24.700726,27.803616,11.160023214246664
2023-12-28,24.770682,27.878317,11.147139908051122
2023-12-29,24.48543,27.545913,11.11047943845608
2023-12-30,25.454804,28.648315,11.147290861609138
2023-12-31,25.481087,28.68041,11.155081116343874
2024-01-01,24.346642,27.399453,11.14186841613225
2024-01-02,23.610324,26.569997,11.139154437992598
2024-01-03,24.6999,27.796948,11.141683612172098
2024-01-04,24.080967,27.098528,11.13551629077417
2024-01-05,25.050004,28.191346,11.142930174387558
2024-01-06,25.543701,28.743169,11.131229127866868
2024-01-07,25.707173,28.93779,11.164007341265522
2024-01-08,24.330912,27.381453,11.140902566419687
2024-01-09,24.552706,27.627517,11.129523510925718
2024-01-10,24.240875,27.277171,11.131271641036381
2024-01-11,23.835092,26.82272,11.138422948903019
2024-01-12,24.47753,27.543366,11.130941657602778
2024-01-13,25.285599,28.465149,11.169974905102375
2024-01-14,25.447082,28.641545,11.153249589014838
2024-01-15,23.980123,26.992222,11.159136880246464
2024-01-16,24.56601,27.641148,11.125218098756246
2024-01-17,24.323475,27.38023,11.164095407525796
2024-01-18,24.816286,27.921874,11.122419648480614
2024-01-19,23.200975,26.104372,11.122263351135205
2024-01-20,25.632965,28.847387,11.142853250452111
2024-01-21,25.837876,29.075473,11.13514817110628
2024-01-22,24.160641,27.194636,11.156593528223729
2024-01-23,24.09697,27.115257,11.131323593945652
2024-01-24,24.298698,27.337164,11.114781328450896
2024-01-25,24.209442,27.235204,11.109746047799018
2024-01-26,24.493522,27.562231,11.133746756566985
2024-01-27,26.296654,29.58974,11.129148143917453
2024-01-28,25.032157,28.181914,11.176519096609265
2024-01-29,25.245679,28.401711,11.11211926633575
2024-01-30,24.760063,27.863883,11.139222770925358
2024-01-31,24.85794,27.972181,11.133350667221837
2024-02-01,24.724104,27.820642,11.130361405750449
2024-02-02,24.186084,27.224204,11.159628395379347
2024-02-03,26.406752,29.718876,11.144849488924145
2024-02-04,26.205484,29.488582,11.133454975895415
2024-02-05,24.682435,27.786845,11.17222916095728
2024-02-06,24.997306,28.129539,11.135031398843756
2024-02-07,25.390062,28.565922,11.117652705205874
2024-02-08,25.244902,28.405257,11.125951087152636
2024-02-09,26.070519,29.337245,11.135081020729793
2024-02-10,26.669214,30.020891,11.164482093486166
2024-02-11,26.077399,29.345689,11.137206558687376
2024-02-12,25.181644,28.333228,11.123278999484281
2024-02-13,25.177075,28.331732,11.134712837181999
2024-02-14,25.939293,29.19878,11.163093115534279
2024-02-15,25.869007,29.106444,11.122749999965643
2024-02-16,25.404928,28.589618,11.139323372561325
2024-02-17,26.725557,30.078216,11.14646892621557
2024-02-18,26.344984,29.659368,11.174830158215105
2024-02-19,26.270457,29.56435,11.141435546528166
2024-02-20,25.374312,28.557777,11.147453809167288
2024-02-21,25.732524,28.952528,11.121667855739576
2024-02-22,27.032027,30.418899,11.134104492079086
2024-02-23,26.722005,30.072481,11.1413354953986
2024-02-24,27.798913,31.288981,11.154303810661013
2024-02-25,27.683274,31.160336,11.158615234444198
2024-02-26,26.384908,29.688391,11.127187728024737
2024-02-27,27.499894,30.949335,11.14544464364097
2024-02-28,26.881944,30.239401,11.102921648481066
2024-02-29,27.122227,30.517977,11.127048165741787
2024-03-01,27.364136,30.789989,11.126515829544466
2024-03-02,29.453963,33.142049,11.128117033439906
2024-03-03,29.547093,33.263588,11.172862650896228
2024-03-04,27.265144,30.685105,11.145345600088381
2024-03-05,28.675409,32.267343,11.13179352883192
2024-03-06,28.494357,32.070795,11.1516973620392
2024-03-07,28.182987,31.713895,11.133630858019805
2024-03-08,27.77966,31.25197,11.11069158200267
2024-03-09,29.805127,33.542406,11.141952667319094
2024-03-10,31.393585,35.332276,11.147572265087028
2024-03-11,30.029867,33.793417,11.136932379463136
2024-03-12,29.556937,33.258037,11.128437917126618
2024-03-13,29.747398,33.469213,11.120115074113036
2024-03-14,29.424394,33.115829,11.147040890928626
2024-03-15,29.046806,32.684675,11.130197867961055
2024-03-16,31.035003,34.93506,11.163733510118488
2024-03-17,30.369903,34.184238,11.15816886133311
2024-03-18,30.457446,34.269247,11.12309529298966
2024-03-19,30.018426,33.781097,11.138391982948335
2024-03-20,30.452639,34.266005,11.128714888123083
2024-03-21,31.261577,35.173453,11.121671790369856
2024-03-22,30.549567,34.374781,11.127966167988095
2024-03-23,32.112371,36.143507,11.153140175357084
2024-03-24,32.853513,36.973295,11.14258818425569
2024-03-25,31.614072,35.576328,11.137338288538379
2024-03-26,31.764599,35.741246,11.126212555656286
2024-03-27,31.158914,35.070211,11.152761527439912
2024-03-28,32.434205,36.501189,11.142058961421778
2024-03-29,31.870479,35.862027,11.130291101504106
2024-03-30,33.387861,37.57979,11.154743014795985
2024-03-31,34.00955,38.286351,11.170563107463545
2024-04-01,33.408054,37.598919,11.146238007534206
2024-04-02,32.664041,36.751829,11.122679091699082
2024-04-03,33.134259,37.281104,11.123181867146425
2024-04-04,34.031836,38.297625,11.13852099183696
2024-04-05,34.25194,38.54006,11.126396793362543
2024-04-06,35.254409,39.679545,11.152184330742704
2024-04-07,35.866032,40.368364,11.153119804409215
2024-04-08,33.566581,37.774844,11.140384855063862
2024-04-09,34.948762,39.331418,11.142888364716471
2024-04-10,33.605375,37.809719,11.119744106006184
2024-04-11,34.670498,39.015387,11.13634730830685
2024-04-12,34.761429,39.107808,11.113839466533127
2024-04-13,37.090192,41.746608,11.153998427848318
2024-04-14,38.289913,43.102839,11.166146155709141
2024-04-15,35.779342,40.256095,11.120683712615444
2024-04-16,35.295019,39.730933,11.164887570095573
2024-04-17,36.492062,41.07867,11.165424781279434
2024-04-18,37.063584,41.70266,11.124172894486826
2024-04-19,36.566902,41.149392,11.136227723607679
2024-04-20,39.251112,44.177673,11.151698732524912
2024-04-21,39.741883,44.721738,11.135200067582348
2024-04-22,37.977495,42.746379,11.15622916270873
2024-04-23,38.393924,43.213052,11.152019533357652
2024-04-24,39.290623,44.208328,11.123933481492447
2024-04-25,37.683412,42.396376,11.116431272333276
2024-04-26,37.753135,42.487556,11.143076810537183
2024-04-27,40.550847,45.637053,11.14490455814489
2024-04-28,40.236682,45.285726,11.149305633302644
2024-04-29,38.341854,43.133075,11.107997748827321
2024-04-30,38.793146,43.649999,11.12681125147334
2024-05-01,39.253052,45.075654,12.917398824651553
2024-05-02,40.328225,46.33099,12.95626318367037
2024-05-03,39.725751,45.580744,12.845321261100958
2024-05-04,42.485696,48.884553,13.089732046849237
2024-05-05,41.680466,47.895727,12.97665029700875
2024-05-06,40.151531,46.154686,13.006599156584015
2024-05-07,40.515424,46.615431,13.0858105763304
2024-05-08,41.303696,47.696513,13.403111879478486
2024-05-09,41.373206,47.730917,13.319901228798937
2024-05-10,41.699956,48.139868,13.377502406113784
2024-05-11,42.691867,49.401451,13.581754916469963
2024-05-12,43.51292,50.376,13.62370970303319
2024-05-13,42.37043,48.857712,13.2779078971197
2024-05-14,42.764963,48.346785,11.545384041565535
2024-05-15,43.448819,49.130584,11.56461930108545
2024-05-16,42.202837,47.719423,11.56046249762911
2024-05-17,43.121484,48.759471,11.56285514254246
2024-05-18,45.879258,51.901,11.602362189553189
2024-05-19,44.945514,50.848518,11.608999105932645
2024-05-20,44.10361,49.878301,11.577561553269426
2024-05-21,43.791619,49.521459,11.570418391752149
2024-05-22,44.033901,49.77894,11.54110352691319
2024-05-23,43.625222,49.090784,11.13358059223499
2024-05-24,44.119346,49.646872,11.133684313485047
2024-05-25,46.291942,52.105582,11.157422634680483
2024-05-26,45.530757,51.25961,11.176154090910954
2024-05-27,45.417337,51.099056,11.119029283045855
2024-05-28,46.594932,52.433788,11.135674576858722
2024-05-29,44.896346,50.52062,11.132630597170026
2024-05-30,46.09069,51.85523,11.116602896178456
2024-05-31,45.824492,51.557015,11.118803134743157
2024-06-01,48.800748,54.930765,11.159533277936326
2024-06-02,47.87766,53.883628,11.146183401013756
2024-06-03,45.757762,51.494954,11.141270268927709
2024-06-04,46.016565,51.791758,11.150795460544128
2024-06-05,45.879458,51.648874,11.1704584305168
2024-06-06,46.425648,52.244916,11.138438810007848
2024-06-07,48.132986,54.160706,11.129323166503776
2024-06-08,48.516844,54.597621,11.137439486603272
2024-06-09,49.208691,55.380083,11.143703052954978
2024-06-10,47.379845,53.327789,11.15355448169809
2024-06-11,46.682371,52.526721,11.126432202002482
2024-06-12,47.516446,53.468515,11.131913800112086
2024-06-13,46.93763,52.822778,11.141307259531107
2024-06-14,49.064428,55.213365,11.136682214532659
2024-06-15,49.75068,55.994766,11.15119580997981
2024-06-16,49.674297,55.902864,11.141767262586045
2024-06-17,48.1532,54.189364,11.139019826842773
2024-06-18,48.544818,54.628027,11.135692306808005
2024-06-19,48.765858,54.866633,11.119280820457856
2024-06-20,47.416913,53.342468,11.108513014433454
2024-06-21,47.740183,53.727798,11.144352128482913
2024-06-22,50.537038,56.887644,11.163418896377568
2024-06-23,51.900657,58.413442,11.149462823984932
2024-06-24,48.449873,54.522595,11.137991506090273
2024-06-25,48.438223,54.507824,11.13528399152386
2024-06-26,48.503152,54.585212,11.142321843505893
2024-06-27,49.436488,55.637305,11.145070739857008
2024-06-28,49.45283,55.641522,11.1224347888974
2024-06-29,52.407086,58.98477,11.15149554707088
2024-06-30,52.258787,58.803598,11.129949905446262
2024-07-01,48.198347,54.24284,11.143393303153006
2024-07-02,51.619779,58.076741,11.117982670549644
2024-07-03,49.587093,55.798563,11.13195334438989
2024-07-04,50.70861,57.052077,11.11873104987922
2024-07-05,50.124487,56.406041,11.136314282365607
2024-07-06,51.761689,58.259449,11.153143587060015
2024-07-07,52.179573,58.725182,11.146170649586066
2024-07-08,50.29906,56.586372,11.111000365953839
2024-07-09,49.908613,56.163285,11.136585048399501
2024-07-10,48.809122,54.921282,11.128946334501077
2024-07-11,50.127052,56.403511,11.127780680177871
2024-07-12,49.842697,56.096148,11.147736917693528
2024-07-13,52.385614,58.976579,11.175563438496491
2024-07-14,51.473601,57.941038,11.16210068587311
2024-07-15,49.17037,55.327244,11.128105350774385
2024-07-16,49.95502,56.218791,11.14177464257458
2024-07-17,50.712216,57.056007,11.118533058228207
2024-07-18,51.129031,57.532452,11.130102711422763
2024-07-19,51.200185,57.620005,11.141651237274276
2024-07-20,51.702518,58.200726,11.165166565104359
2024-07-21,51.512384,57.966726,11.134563646047562
2024-07-22,48.49345,54.568952,11.13362411651226
2024-07-23,50.100885,56.377992,11.133966956467695
2024-07-24,49.641116,55.854218,11.123782988063677
2024-07-25,49.925501,56.181221,11.134895056837586
2024-07-26,48.895105,55.028614,11.14603576968157
2024-07-27,51.058736,57.995919,11.961501980854894
2024-07-28,52.902046,60.022123,11.862421127623227
2024-07-29,49.303508,55.962143,11.89846321646403
2024-07-30,50.146732,56.894768,11.860556316883127
2024-07-31,49.306361,55.966347,11.899983395378655
2024-08-01,48.433323,54.943201,11.848377745592217
2024-08-02,47.882979,54.328666,11.86424676799537
2024-08-03,51.543379,58.518579,11.919633250151204
2024-08-04,51.023341,58.206357,12.340603965302279
2024-08-05,49.223194,56.273049,12.527942105998202
2024-08-06,49.388313,56.454505,12.51661315602714
2024-08-07,48.151311,55.078607,12.577108204642867
2024-08-08,47.909258,54.827456,12.618126947199592
2024-08-09,47.587591,54.437654,12.58331778955794
2024-08-10,52.196569,59.521291,12.306053643896938
2024-08-11,52.626275,59.953971,12.222202929644144
2024-08-12,48.006858,54.940947,12.620985582938715
2024-08-13,47.654502,53.616987,11.120514847281516
2024-08-14,48.007496,54.013722,11.1198150721774
2024-08-15,49.295163,55.472016,11.13507935244322
2024-08-16,47.021833,52.918037,11.142144218236968
2024-08-17,50.277895,56.575416,11.131196984923628
2024-08-18,49.078904,55.229356,11.13620082769026
2024-08-19,46.773944,52.642275,11.147563436420633
2024-08-20,47.119843,53.032448,11.14903275820871
2024-08-21,47.209053,53.11962,11.126900004179246
2024-08-22,48.160564,54.190519,11.12732468939816
2024-08-23,44.58708,50.197673,11.176998184756492
2024-08-24,48.483444,54.565286,11.14599124432336
2024-08-25,48.005228,54.037148,11.162543219342368
2024-08-26,46.42168,52.241093,11.139531479557672
2024-08-27,45.928282,51.687959,11.143169727402082
2024-08-28,46.249444,52.044443,11.134712307325492
2024-08-29,45.897577,51.658175,11.151377298946391
2024-08-30,45.597512,51.314414,11.140928161042627
2024-08-31,46.244346,52.045764,11.146763067979942
2024-09-01,47.622563,53.595799,11.144970522782952
2024-09-02,45.762447,51.485116,11.115191038901418
2024-09-03,44.88985,50.514344,11.13444925663095
2024-09-04,45.270982,50.937856,11.12507365838091
2024-09-05,44.358232,49.913498,11.129786976661103
2024-09-06,44.844378,50.467007,11.141197654142635
2024-09-07,46.536147,52.380924,11.15821668208831
2024-09-08,44.091206,49.9719,11.768001616908702
2024-09-09,43.503974,49.27448,11.710942459463803
2024-09-10,43.85733,49.732049,11.812742724515534
2024-09-11,43.631178,49.396922,11.672273831150855
2024-09-12,43.043671,48.743126,11.692838493780641
2024-09-13,43.542761,49.31643,11.707394472795375
2024-09-14,44.324113,50.209759,11.722115615014204
2024-09-15,45.970489,52.108709,11.779643207050091
2024-09-16,42.606239,48.266118,11.726401945149183
2024-09-17,42.569378,48.249348,11.772117625299309
2024-09-18,43.428939,49.214619,11.756019080428114
2024-09-19,42.630455,48.287952,11.716166798707885
2024-09-20,42.229687,47.84709,11.74032318370877
2024-09-21,43.935787,49.782941,11.745296446025558
2024-09-22,44.236666,50.135655,11.766055514782844
2024-09-23,41.46779,46.84714,11.482771413580425
2024-09-24,41.717072,47.140562,11.504932843185026
2024-09-25,40.136271,45.356637,11.509596710179371
2024-09-26,39.242199,44.34118,11.499425590387986
2024-09-27,39.698941,44.846534,11.478240436596506
2024-09-28,41.445603,46.854017,11.543116996777458
2024-09-29,40.812071,46.175935,11.61614594268638
2024-09-30,39.382453,44.487254,11.474749599064937
2024-10-01,40.069643,45.286629,11.519925671659067
2024-10-02,38.211466,43.188835,11.524666039266862
2024-10-03,38.401148,43.391815,11.501401819674978
2024-10-04,38.628221,43.652077,11.508859017178038
2024-10-05,41.282243,46.684863,11.572530479526094
2024-10-06,40.555084,45.662094,11.184353481467582
2024-10-07,38.599459,43.432724,11.128164560896526
2024-10-08,37.533883,42.240111,11.141608979199889
2024-10-09,38.213942,43.004911,11.140516021530656
2024-10-10,37.9128,42.671147,11.151204817625361
2024-10-11,37.725891,42.451305,11.131375113203234
2024-10-12,39.065956,43.967699,11.148509272682203
2024-10-13,39.021915,43.91537,11.14292103197582
2024-10-14,36.692358,41.28104,11.115713170017035
2024-10-15,36.14037,40.676641,11.152029490340661
2024-10-16,35.316811,39.74375,11.138704827803114
2024-10-17,35.14656,39.555892,11.147092827536287
2024-10-18,35.638205,40.10158,11.130172427121325
2024-10-19,37.8338,42.570186,11.126063672824921
2024-10-20,36.005683,40.524192,11.150151988224714
2024-10-21,34.228917,38.519462,11.138642071376802
2024-10-22,35.643857,40.104659,11.1229022044546
2024-10-23,34.574096,38.90476,11.131450238993892
2024-10-24,34.104787,38.376845,11.13186349737713
2024-10-25,33.92114,38.180021,11.154737185712914
2024-10-26,35.822734,40.320504,11.15504409369486
2024-10-27,35.828915,40.321396,11.141680213651332
2024-10-28,33.76645,37.993182,11.124975002093796
2024-10-29,32.821107,36.930115,11.126442471137715
2024-10-30,34.076641,38.34467,11.130696913025982
2024-10-31,33.497887,37.69178,11.12681067330861
2024-11-01,31.517899,35.459508,11.11580284757476
2024-11-02,33.866896,38.120187,11.157581677130807
2024-11-03,34.070396,38.36119,11.185247381533262
2024-11-04,32.631926,36.721265,11.136160478131677
2024-11-05,31.934946,35.9451,11.156330070023452
2024-11-06,32.172645,36.201493,11.128955372089212
2024-11-07,31.685325,35.661873,11.150698674744314
2024-11-08,31.781045,35.766872,11.1439071328351
2024-11-09,33.255769,37.436273,11.166987696665212
2024-11-10,32.399937,36.456365,11.126803234496911
2024-11-11,30.414911,34.224886,11.132177328508853
2024-11-12,30.594379,34.429014,11.137800809514905
2024-11-13,30.704267,34.884642,11.983425256306198
2024-11-14,29.905606,33.992736,12.02353938206092
2024-11-15,30.518807,34.697545,12.04332467902268
2024-11-16,32.418109,36.864087,12.060458733183872
2024-11-17,31.507179,35.80513,12.00372963315592
2024-11-18,30.10233,34.191891,11.960616626907239
2024-11-19,29.849587,33.917816,11.994371925362175
2024-11-20,29.206526,33.178426,11.971333420096542
2024-11-21,29.371912,33.357301,11.947576334188428
2024-11-22,28.705531,32.617217,11.992703117497731
2024-11-23,29.192071,33.19247,12.05212808808745
2024-11-24,30.102707,34.207537,11.999782387138834
2024-11-25,29.340068,33.332855,11.978532891947
2024-11-26,27.393434,31.146824,12.05063476134838
2024-11-27,28.076858,31.910274,12.013109006835855
2024-11-28,27.919371,31.74491,12.050873667621046
2024-11-29,28.215703,31.750874,11.1340903560639
2024-11-30,28.370337,31.934523,11.160918232597368
2024-12-01,28.818062,32.430706,11.139578645003905
2024-12-02,28.46999,32.035022,11.128545502481629
2024-12-03,27.831277,31.318075,11.133500382766181
2024-12-04,27.653508,31.127334,11.160049877705557
2024-12-05,27.520566,30.968798,11.134536122454609
2024-12-06,27.976433,31.47924,11.127355679489085
2024-12-07,27.555278,31.009631,11.13961336721485
2024-12-08,27.888345,31.393683,11.165743120996668
2024-12-09,26.933628,30.30532,11.125742938863539
2024-12-10,26.985284,30.36743,11.137412681942463
2024-12-11,26.187986,29.467198,11.128346848587368
2024-12-12,25.948873,29.200653,11.13598384255311
2024-12-13,26.897481,30.264002,11.123846079576653
2024-12-14,27.119107,30.521944,11.148821320162307
2024-12-15,26.289454,29.588357,11.149328095507297
2024-12-16,25.734314,28.953357,11.11803028574545
2024-12-17,25.196074,28.357383,11.14809853927635
2024-12-18,25.966101,29.215961,11.123577280240756
2024-12-19,25.53198,28.736166,11.150360141989713
2024-12-20,26.366162,29.670422,11.136545344720746
2024-12-21,26.692095,30.05129,11.178205661054816
2024-12-22,25.861343,29.104681,11.143698843495313
2024-12-23,25.305882,28.474122,11.126734654013212
2024-12-24,25.592553,28.801649,11.142056484335324
2024-12-25,25.930205,29.182396,11.144359085525398
2024-12-26,26.356513,29.652153,11.114336284451252
2024-12-27,25.454934,28.645057,11.136731199382846
2024-12-28,27.109548,30.504373,11.128978130447068
2024-12-29,26.32305,29.635316,11.176752763493395
2024-12-30,25.30443,28.471567,11.123859111793882
2024-12-31,25.101198,28.237249,11.106078357704039
2025-01-01,24.809397,27.921337,11.145383188491296
2025-01-02,25.075101,28.22351,11.155270907126718
2025-01-03,24.900185,28.012256,11.109676421634873
2025-01-04,26.400766,29.719327,11.166339668458845
2025-01-05,26.010824,29.278667,11.16117410673102
2025-01-06,24.363127,27.408775,11.111944988420678
2025-01-07,24.81355,27.920522,11.127915158606275
2025-01-08,24.892953,28.015063,11.144397569264791
2025-01-09,24.844289,27.959148,11.140750783965233
2025-01-10,24.444465,27.508879,11.139726922351144
2025-01-11,26.732113,30.084534,11.143336971747676
2025-01-12,26.460739,29.77258,11.123795787936416
2025-01-13,24.453959,27.517818,11.134091373087793
2025-01-14,24.660315,27.753068,11.143823810758507
2025-01-15,24.692198,27.786421,11.135737848354058
2025-01-16,24.204359,27.231569,11.11654638776047
2025-01-17,25.102579,28.247884,11.134657024221708
2025-01-18,26.68289,30.034435,11.159007985334167
2025-01-19,26.206389,29.495583,11.151479867341493
2025-01-20,24.93473,28.061073,11.141209746327235
2025-01-21,24.945559,28.072759,11.139624715903414
2025-01-22,25.525564,28.726264,11.142068456935437
2025-01-23,24.824033,27.93143,11.125090981736346
2025-01-24,25.371902,28.550299,11.13262246395388
2025-01-25,26.631704,29.971664,11.1437256203059
2025-01-26,26.504422,29.828777,11.144791487763644
2025-01-27,24.726323,27.83276,11.161081401916304
2025-01-28,25.483745,28.666874,11.10385806279401
2025-01-29,25.274136,28.429001,11.097347388323636
2025-01-30,25.537585,28.740533,11.144358387507983
2025-01-31,25.241906,28.4097,11.150395815513715
2025-02-01,27.311449,30.739765,11.152707250689781
2025-02-02,25.899232,29.151018,11.154965497259822
2025-02-03,24.706058,27.807443,11.153075095757636
2025-02-04,25.217244,28.372995,11.12237534317403
2025-02-05,25.877809,29.119647,11.13282039442305
2025-02-06,25.235031,28.399479,11.142626947487312
2025-02-07,24.652035,27.745334,11.148898045343408
2025-02-08,27.158463,30.569482,11.158249263104949
2025-02-09,27.848395,31.350531,11.170898508864171
2025-02-10,26.275603,29.567949,11.13484739844485
2025-02-11,25.33816,28.512485,11.133105374715672
2025-02-12,26.002414,29.260835,11.135775858754544
2025-02-13,26.635963,29.975454,11.140752029977595
2025-02-14,26.741154,30.094366,11.142324779329126
2025-02-15,26.808856,30.170629,11.142535344556457
2025-02-16,27.052602,30.565945,11.494305181796276
2025-02-17,27.368351,30.896109,11.41813035421386
2025-02-18,26.425687,29.848946,11.468609310358898
2025-02-19,26.229551,29.622417,11.45371088388905
2025-02-20,27.359474,30.896027,11.446627101924788
2025-02-21,26.920741,30.411093,11.477232995210004
2025-02-22,28.188437,31.843169,11.477287326522054
2025-02-23,28.368707,32.036218,11.448014868671452
2025-02-24,27.244948,30.770604,11.457870635233549
2025-02-25,28.070965,31.699681,11.447168821667322
2025-02-26,27.360209,30.788296,11.13438366319461
2025-02-27,27.717995,31.190639,11.13360967051685
2025-02-28,27.34128,30.776203,11.160970701941366
2025-03-01,29.996153,33.765068,11.162172100467856
2025-03-02,29.140428,32.809745,11.18361937893757
2025-03-03,27.406995,30.854331,11.1729403564122
2025-03-04,29.409997,33.088077,11.116028290190451
2025-03-05,28.602539,32.185276,11.131602537756706
2025-03-06,29.481271,33.181048,11.150271685210184
2025-03-07,29.101583,32.754206,11.151615154401851
2025-03-08,30.414587,34.222372,11.126595783600273
2025-03-09,30.50285,34.331131,11.151048300739058
2025-03-10,29.398227,33.091208,11.160006609610626
2025-03-11,28.777946,32.389703,11.150942013886327
2025-03-12,30.093482,33.861089,11.12665632224646
2025-03-13,30.00526,33.754125,11.106390700395878
2025-03-14,29.732601,33.453523,11.12266113198302
2025-03-15,31.050697,34.946736,11.148506115134758
2025-03-16,31.348704,35.283925,11.153013730756994
2025-03-17,31.164118,35.068399,11.133331179447342
2025-03-18,29.835352,33.579741,11.150738178713171
2025-03-19,30.711221,34.566372,11.15289449526262
2025-03-20,30.924691,34.797375,11.129241789071735
2025-03-21,31.751135,35.827258,11.377155907382027
2025-03-22,31.896609,35.949431,11.27367495747012
2025-03-23,33.785025,38.09377,11.310891518481894
2025-03-24,31.553786,35.622237,11.421099129737417
2025-03-25,33.331337,37.622275,11.405312411330787
2025-03-26,32.422993,36.595043,11.400587779060679
2025-03-27,32.22801,36.372821,11.395352040469998
2025-03-28,33.450355,37.761968,11.417871547372743
2025-03-29,34.731848,39.146526,11.277317430415154
2025-03-30,35.702838,40.240406,11.276148655160188
2025-03-31,32.932314,37.176997,11.4174982987464
2025-04-01,33.227775,37.509979,11.416172746990874
2025-04-02,32.188949,36.340191,11.423280631629043
2025-04-03,33.879238,38.245829,11.417169176800952
2025-04-04,33.649169,37.989973,11.426183430032973
2025-04-05,36.427162,41.049815,11.261081200974962
2025-04-06,36.858029,41.547484,11.286977088672806
2025-04-07,34.448621,38.882906,11.404201630402829
2025-04-08,36.131006,40.765912,11.36956288381332
2025-04-09,35.020421,40.201639,12.888076528422138
2025-04-10,35.32677,40.422194,12.605510725122937
2025-04-11,35.745139,40.838338,12.471611846691705
2025-04-12,37.205552,42.562551,12.586179338733713
2025-04-13,37.833774,43.330604,12.685791317379284
2025-04-14,36.874065,42.235856,12.694879440823929
2025-04-15,37.512197,42.942418,12.645354530338743
2025-04-16,36.039116,41.229583,12.589181413743622
2025-04-17,37.231398,41.902927,11.148455094795645
2025-04-18,37.521274,42.217604,11.124103584845791
2025-04-19,39.240063,44.154047,11.129181431545788
2025-04-20,39.358869,44.297191,11.148160613615431
2025-04-21,38.036285,42.800413,11.131032777651
2025-04-22,38.680591,43.527512,11.135304494316147
2025-04-23,38.908542,43.790473,11.148386088453533
2025-04-24,39.807569,44.782179,11.108459014466447
2025-04-25,37.895794,42.650212,11.147466277541598
2025-04-26,39.932214,44.940828,11.14490814454954
2025-04-27,40.836348,45.957625,11.143476191382822
2025-04-28,39.08171,43.969518,11.116355653477939
2025-04-29,39.32052,44.244882,11.129788977626836
2025-04-30,40.352016,45.408256,11.13506759651813
2025-05-01,40.475776,45.541592,11.123493443092634
2025-05-02,38.990414,43.874353,11.131649052465798
2025-05-03,41.865802,47.125842,11.16168916408963
2025-05-04,42.16938,47.466103,11.15895905758263
2025-05-05,41.872263,47.123342,11.14326526331685
2025-05-06,40.627385,45.710996,11.121199371809794
2025-05-07,41.97186,47.238578,11.149188275735142
2025-05-08,41.804699,47.050481,11.149263277457248
2025-05-09,40.99052,46.124169,11.130062852731287
2025-05-10,43.691516,49.531005,11.789562921244986
2025-05-11,45.49268,51.566058,11.777859769695795
2025-05-12,42.09774,48.019637,12.332240245797777
2025-05-13,42.656691,48.663091,12.342824667672673
2025-05-14,42.565732,48.542865,12.313103068803212
2025-05-15,42.444713,48.406679,12.31641195629223
2025-05-16,44.150856,50.344408,12.30236335284745
2025-05-17,46.051593,52.545668,12.35891605755207
2025-05-18,46.935123,53.566503,12.379714240446123
2025-05-19,44.840861,50.793034,11.718482892752577
2025-05-20,43.845676,49.693539,11.767853764651376
2025-05-21,44.000562,49.865342,11.761234887349213
2025-05-22,44.930036,50.915515,11.755707469520834
2025-05-23,46.092371,52.226218,11.744765818577942
2025-05-24,46.666619,52.918978,11.814965511994581
2025-05-25,46.103175,52.267984,11.794617906058898
2025-05-26,46.730777,52.944339,11.736027151080307
2025-05-27,45.614245,51.643794,11.675263440172502
2025-05-28,46.3632,52.526099,11.7330224732661
2025-05-29,45.426284,51.713713,12.158146524887895
2025-05-30,46.696175,52.793976,11.550183301216032
2025-05-31,48.345056,54.6942,11.608441114414326
2025-06-01,48.92722,55.365491,11.62867136859673
2025-06-02,47.787952,54.037873,11.565816071258023
2025-06-03,47.344142,53.527465,11.551682860378312
2025-06-04,47.490162,53.697558,11.559922333898312
2025-06-05,48.296289,54.638546,11.607660643092515
2025-06-06,47.185856,53.372421,11.59131417328811
2025-06-07,48.457652,54.562529,11.188772060034093
2025-06-08,49.601058,55.834009,11.163359235049734
2025-06-09,48.068511,54.097958,11.145424379973825
2025-06-10,49.480842,55.692323,11.153208674739606
2025-06-11,49.219203,55.37217,11.11202071365453
2025-06-12,48.65025,54.754324,11.148113160889357
2025-06-13,48.318809,54.386157,11.156052081414762
2025-06-14,50.739811,57.097102,11.134174550575263
2025-06-15,51.716244,58.213632,11.161282635654823
2025-06-16,49.16416,55.318869,11.125876416598466
2025-06-17,49.99915,56.261835,11.13132019245373
2025-06-18,49.24247,55.412559,11.13482053770518
2025-06-19,48.774651,54.888382,11.138479177615402
2025-06-20,48.912223,55.053198,11.154619936883593
2025-06-21,51.168823,57.593221,11.154781567087557
2025-06-22,52.317781,58.874885,11.13735338931023
2025-06-23,49.244433,55.425855,11.152596563463026
2025-06-24,50.429415,56.752947,11.142209055681285
2025-06-25,50.653532,57.002249,11.137660550902122
2025-06-26,51.145279,57.544323,11.120200336703935
2025-06-27,50.444126,56.767353,11.138844187432873
2025-06-28,54.139983,60.944552,11.165180113228168
2025-06-29,52.989274,59.642242,11.154791934213339
2025-06-30,50.318691,56.623004,11.133837053223102
2025-07-01,50.973101,57.360235,11.135125230919991
2025-07-02,51.396113,57.829066,11.124082481290637
2025-07-03,50.645561,56.992991,11.137211591509558
2025-07-04,50.132492,56.414138,11.134878990794824
2025-07-05,55.419833,62.377751,11.154486797704521
2025-07-06,52.512337,59.111309,11.1636370630872
2025-07-07,50.410368,57.478808,12.297471443736272
2025-07-08,50.655485,57.726868,12.249725725636111
2025-07-09,50.048553,57.055523,12.280967085342466
2025-07-10,50.5107,57.585255,12.285358465461341
2025-07-11,51.246542,58.459888,12.33896650640179
2025-07-12,53.302705,60.773535,12.292900190847874
2025-07-13,53.487165,60.988165,12.299107539962877
2025-07-14,50.175605,58.217361,13.813329669821345
2025-07-15,52.458507,60.721797,13.608441133585028
2025-07-16,49.448522,57.364072,13.7987937815851
2025-07-17,51.074711,59.177644,13.692557615169672
2025-07-18,51.671735,59.908047,13.748256557253486
2025-07-19,53.073857,60.851261,12.781007118324139
2025-07-20,53.405527,61.236724,12.788399653776384
2025-07-21,50.314896,57.633602,12.698678801994712
2025-07-22,52.002352,59.572705,12.707754331450955
2025-07-23,52.182658,59.767409,12.69044639361897
2025-07-24,49.256059,56.388253,12.648368446527329
2025-07-25,51.691183,59.231984,12.730961367088431
2025-07-26,54.853616,61.730879,11.140717759745492
2025-07-27,53.882322,61.260109,12.043378832381771
2025-07-28,51.491045,58.483113,11.955704204733426
2025-07-29,50.778192,57.68463,11.972752533907212
2025-07-30,51.871059,58.953098,12.013005660872986
2025-07-31,49.447726,56.180803,11.984657819860638
2025-08-01,51.576296,58.65227,12.06427986504188
2025-08-02,53.327198,60.670926,12.104196332853071
2025-08-03,54.29776,61.759892,12.082488745284722
2025-08-04,50.965387,57.935976,12.031538055042
2025-08-05,51.305277,58.284665,11.974655769231925
2025-08-06,49.510381,56.250189,11.981840629904372
2025-08-07,50.531154,57.412646,11.986021337529017
2025-08-08,50.10334,56.911365,11.962505204364717
2025-08-09,52.498574,59.712213,12.080676025187678
2025-08-10,52.36453,59.565469,12.089116598746163
2025-08-11,49.127869,55.267535,11.108991924463432
2025-08-12,50.793964,57.165022,11.14502851061616
2025-08-13,50.095117,56.364166,11.122401775624605
2025-08-14,50.515169,56.840478,11.128177000904179
2025-08-15,50.572712,56.898191,11.117188242417058
2025-08-16,52.683578,59.298228,11.154886449557987
2025-08-17,52.440341,59.026589,11.158103681037709
2025-08-18,49.281719,55.44299,11.112804341901473
2025-08-19,50.201582,56.494933,11.139673357962916
2025-08-20,48.504126,54.571494,11.118200282367201
2025-08-21,48.154451,54.191371,11.140002344653727
2025-08-22,47.705071,53.683605,11.136610516376463
2025-08-23,50.745793,57.10119,11.130060511873745
2025-08-24,50.273115,56.572,11.134280209290816
2025-08-25,48.534655,55.41022,12.40847807498328
2025-08-26,47.692981,54.423794,12.367408637479409
2025-08-27,48.045503,54.818742,12.35569944308463
2025-08-28,47.721531,54.391403,12.262732035060761
2025-08-29,49.242598,56.129143,12.269107689743276
2025-08-30,48.881253,55.87774,12.521062949217345
2025-08-31,50.412342,57.616675,12.503902733019565
2025-09-01,46.789029,53.401954,12.383301554845726
2025-09-02,45.866216,52.355678,12.394953609425134
2025-09-03,46.068324,52.588069,12.397764595615785
2025-09-04,45.914721,52.349791,12.292446401552969
2025-09-05,45.709314,52.156868,12.361850408655673
2025-09-06,48.297023,55.134628,12.401652551278664
2025-09-07,46.815372,53.532226,12.547309353435068
2025-09-08,45.301214,51.663962,12.315640832965927
2025-09-09,45.226331,51.600424,12.352791907291305
2025-09-10,46.409907,52.217227,11.121463803506838
2025-09-11,44.18801,49.743432,11.168151807458722
2025-09-12,44.618117,50.209124,11.135440243888741
2025-09-13,47.40452,53.352443,11.148361097541494
2025-09-14,47.683733,53.652011,11.1240527405394
2025-09-15,43.871543,49.365439,11.12903300626983
2025-09-16,43.94439,49.443311,11.121668207050291
2025-09-17,44.379236,49.943566,11.141234888994509
2025-09-18,44.057865,49.576223,11.131057724990466
2025-09-19,43.326542,48.744468,11.11495564994165
2025-09-20,45.039742,50.688096,11.14335405299106
2025-09-21,43.168789,48.579405,11.137674493954794
2025-09-22,42.014059,47.272433,11.123552705654054
2025-09-23,41.314418,46.491948,11.136401511934926
2025-09-24,41.802233,47.047788,11.149418969495443
2025-09-25,42.109472,47.380609,11.125093389998428
2025-09-26,40.825768,45.950279,11.152295723819218
2025-09-27,42.680884,48.050723,11.175355259482776
2025-09-28,43.887347,49.385494,11.13312139795544
2025-09-29,42.151416,47.426862,11.123329222161061
2025-09-30,40.151976,45.175608,11.120231076912125
2025-10-01,41.530893,46.747552,11.15921321398819
2025-10-02,39.802352,44.791423,11.138451662944489
2025-10-03,39.244722,44.169899,11.15052810059629
2025-10-04,41.444591,46.654904,11.167771345108758
2025-10-05,40.705309,45.816234,11.155270858796468
2025-10-06,39.131044,44.029948,11.126299763061269
2025-10-07,38.440275,43.260519,11.142362855147438
2025-10-08,38.636777,43.480798,11.140598201532548
2025-10-09,38.886145,43.757432,11.13247916376811
2025-10-10,39.121592,44.021681,11.131081068894211
2025-10-11,41.168961,46.346614,11.171588500510522
2025-10-12,40.108957,45.143839,11.15297704300248
2025-10-13,37.400153,42.089012,11.140339906291933
2025-10-14,36.120895,40.655376,11.153459754006455
2025-10-15,37.004618,41.642924,11.138281259980687
2025-10-16,36.766129,41.372512,11.133921479072868
2025-10-17,36.798813,41.416983,11.150425901374806
2025-10-18,37.488381,42.200342,11.16569387044304
2025-10-19,37.785688,42.527967,11.150965669250072
2025-10-20,35.600384,40.056836,11.125322029927675
2025-10-21,36.096102,40.61893,11.134778784177723
2025-10-22,36.294724,40.841439,11.132602355171668
2025-10-23,34.776192,39.135991,11.14012674420331
2025-10-24,35.116612,39.521023,11.144476194353572
2025-10-25,37.065357,41.714828,11.145847227273716
2025-10-26,36.608505,41.195667,11.135059422632967
2025-10-27,34.144815,38.414947,11.11580864604603
2025-10-28,34.585298,38.926523,11.152357481298806
2025-10-29,35.034963,39.420081,11.124071510659757
2025-10-30,34.549306,38.871596,11.119404513259502
2025-10-31,34.759048,39.102591,11.108069539432822
2025-11-01,35.261007,40.800759,13.577570946658124
2025-11-02,35.32182,40.891938,13.621555427380331
2025-11-03,34.166755,39.417559,13.320977080290538
2025-11-04,32.655783,37.695956,13.370593386728274
2025-11-05,32.626627,37.834114,13.763998808059839
2025-11-06,32.812908,37.053951,11.445589162677956
2025-11-07,31.680524,35.77252,11.438936927004303
2025-11-08,34.113395,38.520244,11.440345497292281
2025-11-09,33.496339,37.817589,11.426561328380823
2025-11-10,31.306865,35.336713,11.404139371989693
2025-11-11,32.016482,36.024553,11.1259423538163
2025-11-12,31.670706,35.63502,11.124769959438776
2025-11-13,31.913046,35.914117,11.140663711709799
2025-11-14,31.561664,35.513773,11.128383908969628
2025-11-15,32.129267,36.172325,11.177213518898771
2025-11-16,32.294781,36.345423,11.144847591951262
2025-11-17,31.205717,35.119384,11.14389420953397
2025-11-18,30.664706,34.508806,11.139475529811145
2025-11-19,31.092793,34.995333,11.151601272089625
2025-11-20,29.441263,33.12656,11.124900985795085
2025-11-21,29.881041,33.625374,11.13543896939258
2025-11-22,31.432763,35.370539,11.132926190352938
2025-11-23,30.493021,34.314356,11.136257372861667
2025-11-24,29.706338,33.430386,11.139709843613533
2025-11-25,28.193223,31.725751,11.13457645179148
2025-11-26,28.709064,32.306063,11.134129838105002
2025-11-27,29.298396,32.966676,11.127236485716667
2025-11-28,29.71582,33.434835,11.123174377860694
2025-11-29,30.885906,34.761465,11.149009398769586
2025-11-30,30.63176,34.483148,11.16889908079158
2025-12-01,28.533392,32.099318,11.109039762153202
2025-12-02,29.059967,32.703718,11.141702603966925
2025-12-03,29.472367,33.167087,11.139718118748263
2025-12-04,27.568106,31.020706,11.12998524276011
2025-12-05,28.028849,31.533035,11.112745728408319
2025-12-06,29.675128,33.403379,11.16129898115996
2025-12-07,28.342965,31.905926,11.167082252995886
2025-12-08,27.73994,31.218044,11.14132583066383
2025-12-09,28.084178,31.595987,11.114731120759101
2025-12-10,27.559638,31.010127,11.126974746024096
2025-12-11,26.441471,29.752477,11.128505367805175
2025-12-12,28.504456,32.068409,11.11359469065023
2025-12-13,28.50175,32.073091,11.135007224592105
2025-12-14,28.489545,32.057613,11.130173665768565
2025-12-15,27.574964,31.03166,11.139255843870421
2025-12-16,27.558843,31.014415,11.141825502754124
2025-12-17,27.111324,30.498776,11.106845730464725
2025-12-18,25.519161,28.718389,11.139998138474969
2025-12-19,26.709947,30.054395,11.127983111954174
2025-12-20,27.130329,30.536034,11.15306919032118
2025-12-21,27.455232,30.907245,11.168944368868852
2025-12-22,26.354122,29.656352,11.134983830782694
2025-12-23,26.888096,30.251511,11.11817191544581
2025-12-24,25.960788,29.210372,11.124760752790138
2025-12-25,25.882947,29.126761,11.136885422996398
2025-12-26,26.343732,29.639759,11.120289473338834
2025-12-27,26.874608,30.242089,11.135080648694606
2025-12-28,26.859486,30.226859,11.140333833561735
2025-12-29,25.779877,29.012919,11.14345647192549
2025-12-30,25.926302,29.174897,11.134897922690183
2025-12-31,26.990963,30.373376,11.13611144181009
